reservation number|first name|last name|reservation date|room number
10159|Jack|Jones|2023-05-07|117
10148|Isla|Hall|2023-05-08|105
10158|Quinn|Allen|2023-05-08|105
10056|Alice|Rodriguez|2023-05-09|108
10047|Alice|Martinez|2023-05-13|109
10001|Xavier|Lee|2023-05-16|102
10127|Rachel|Robinson|2023-05-16|108
10172|Wendy|Thompson|2023-05-16|113
10168|Rachel|Clark|2023-05-17|116
10147|Uma|Harris|2023-05-18|111
10073|Isla|Martin|2023-05-20|105
10091|Victor|Lee|2023-05-20|113
10059|Uma|Smith|2023-05-21|108
10105|Rachel|Robinson|2023-05-22|102
10109|Karen|Harris|2023-05-25|106
10170|Alice|Thomas|2023-05-27|113
10010|Yvonne|Garcia|2023-05-28|103
10085|Paul|Harris|2023-05-30|115
10156|Mia|Lewis|2023-05-30|101
10191|Alice|Wilson|2023-05-31|118
10011|Mia|King|2023-06-02|113
10012|Paul|Walker|2023-06-02|120
10052|Carol|Jackson|2023-06-03|120
10173|Rachel|Williams|2023-06-03|114
10174|Henry|Miller|2023-06-04|102
10182|Yvonne|Thomas|2023-06-07|116
10040|Zack|Clark|2023-06-08|118
10081|Mia|Thompson|2023-06-08|112
10144|Uma|Smith|2023-06-11|115
10080|David|Harris|2023-06-12|115
10020|Frank|Brown|2023-06-13|113
10142|Quinn|Jones|2023-06-13|120
10064|Henry|Taylor|2023-06-15|102
10055|Jack|Hall|2023-06-18|111
10139|Quinn|Young|2023-06-19|119
10122|Olivia|Harris|2023-06-20|114
10193|Quinn|White|2023-06-20|109
10053|Victor|Smith|2023-06-23|105
10190|Mia|Martinez|2023-06-27|103
10153|Yvonne|Robinson|2023-06-30|101
10143|Olivia|Martin|2023-07-01|103
10068|Sarah|Davis|2023-07-02|118
10003|Jack|Johnson|2023-07-03|116
10169|Bob|Martin|2023-07-07|111
10017|Grace|Allen|2023-07-18|105
10107|Wendy|Clark|2023-07-18|114
10150|David|Hall|2023-07-18|114
10061|Leo|Moore|2023-07-19|110
10102|Victor|Lewis|2023-07-19|104
10199|Henry|Robinson|2023-07-19|119
10126|Grace|Garcia|2023-07-23|117
10015|Eva|Thompson|2023-07-26|104
10051|Yvonne|Robinson|2023-07-26|115
10123|Jack|Thompson|2023-07-26|105
10082|Alice|Johnson|2023-07-29|112
10177|Rachel|Thompson|2023-07-29|113
10097|Henry|Jackson|2023-07-30|116
10120|Wendy|Moore|2023-07-31|104
10035|Quinn|Rodriguez|2023-08-01|120
10160|Frank|King|2023-08-02|115
10071|Noah|Hernandez|2023-08-04|111
10078|Mia|Lewis|2023-08-07|113
10151|Jack|Garcia|2023-08-07|117
10180|Victor|Harris|2023-08-07|110
10028|Olivia|Moore|2023-08-11|110
10009|Alice|Thompson|2023-08-15|116
10013|Paul|Martinez|2023-08-15|112
10032|Frank|Wilson|2023-08-23|111
10192|Zack|Lee|2023-08-25|108
10184|Zack|Miller|2023-08-27|111
10188|Leo|Allen|2023-08-27|118
10016|Rachel|Jackson|2023-08-28|116
10030|Zack|Martinez|2023-08-28|103
10083|Noah|Walker|2023-08-30|118
10165|Carol|Martinez|2023-08-30|109
10002|Zack|Young|2023-08-31|114
10041|Yvonne|Robinson|2023-09-02|103
10124|David|Anderson|2023-09-06|110
10189|Karen|Martinez|2023-09-08|111
10129|Olivia|Hall|2023-09-15|105
10133|Zack|Thompson|2023-09-15|109
10121|Olivia|White|2023-09-17|112
10119|Tom|Martinez|2023-09-19|118
10152|Jack|Clark|2023-09-20|102
10131|Zack|Martinez|2023-09-21|116
10096|Sarah|Clark|2023-09-25|104
10063|Bob|Jones|2023-09-26|108
10108|Paul|Rodriguez|2023-09-27|116
10093|Uma|Davis|2023-09-29|110
10042|Karen|Davis|2023-10-01|120
10033|Yvonne|Rodriguez|2023-10-03|111
10057|Victor|Thompson|2023-10-06|111
10069|Victor|Walker|2023-10-06|120
10103|Wendy|Williams|2023-10-10|110
10166|Eva|Robinson|2023-10-10|107
10125|Henry|Moore|2023-10-11|105
10050|Carol|Martinez|2023-10-14|104
10088|Xavier|Lewis|2023-10-16|117
10115|Sarah|Allen|2023-10-17|119
10060|Victor|Hernandez|2023-10-19|109
10005|Yvonne|Garcia|2023-10-20|117
10098|Eva|Hernandez|2023-10-20|107
10034|Victor|Jackson|2023-10-22|119
10186|Henry|Miller|2023-10-24|112
10086|Rachel|Lewis|2023-10-25|106
10037|Xavier|Young|2023-10-28|116
10161|Uma|Smith|2023-10-30|112
10185|Rachel|Johnson|2023-10-31|107
10023|Paul|Harris|2023-11-05|103
10194|Tom|Jones|2023-11-05|106
10022|Quinn|Taylor|2023-11-06|104
10075|Frank|Jackson|2023-11-06|111
10141|Rachel|White|2023-11-07|115
10114|Xavier|Miller|2023-11-08|114
10181|Leo|Smith|2023-11-08|120
10046|Xavier|Martin|2023-11-13|111
10145|Olivia|Robinson|2023-11-13|101
10090|David|Lewis|2023-11-16|118
10200|Olivia|Moore|2023-11-16|102
10058|Carol|Taylor|2023-11-18|118
10167|Karen|Brown|2023-11-21|108
10116|Xavier|Martin|2023-11-30|116
10164|Noah|Thompson|2023-12-01|107
10117|Yvonne|Martin|2023-12-02|111
10179|Eva|Garcia|2023-12-02|113
10007|David|Rodriguez|2023-12-03|103
10027|Grace|Jones|2023-12-03|105
10171|Uma|Walker|2023-12-03|115
10008|Wendy|Garcia|2023-12-13|109
10110|Uma|Allen|2023-12-16|118
10006|Alice|Harris|2023-12-17|105
10112|Olivia|Thompson|2023-12-18|114
10149|Sarah|Lewis|2023-12-18|118
10036|David|Martin|2023-12-22|118
10039|Frank|Hernandez|2023-12-23|106
10104|Eva|Martinez|2023-12-23|116
10077|Leo|White|2023-12-25|105
10111|Sarah|Moore|2023-12-31|111
10024|Quinn|Martin|2024-01-07|109
10029|Jack|Thompson|2024-01-08|119
10087|Grace|Martin|2024-01-09|117
10072|Eva|Smith|2024-01-11|118
10076|Bob|Johnson|2024-01-13|105
10118|Victor|Thomas|2024-01-16|107
10004|Leo|Smith|2024-01-18|101
10074|Quinn|Martin|2024-01-18|108
10099|Noah|Taylor|2024-01-24|117
10021|Noah|Allen|2024-01-27|105
10043|Grace|Young|2024-01-29|107
10187|Victor|Miller|2024-02-06|113
10045|Jack|Miller|2024-02-12|113
10067|Uma|Jones|2024-02-15|113
10079|David|Rodriguez|2024-02-15|109
10138|Jack|Clark|2024-02-18|106
10101|Grace|Martinez|2024-02-20|107
10175|Sarah|King|2024-02-20|106
10018|Uma|Anderson|2024-02-22|114
10136|Olivia|Thomas|2024-02-27|117
10014|Uma|Davis|2024-02-28|104
10066|Leo|Martinez|2024-03-04|117
10183|Rachel|Johnson|2024-03-06|119
10094|Yvonne|Martinez|2024-03-07|103
10025|Victor|Allen|2024-03-09|102
10178|Paul|Moore|2024-03-09|111
10195|Xavier|Williams|2024-03-10|120
10095|Grace|Williams|2024-03-13|116
10137|Karen|Moore|2024-03-13|109
10026|Grace|Johnson|2024-03-15|115
10176|Wendy|Taylor|2024-03-16|111
10092|Noah|Martin|2024-03-17|106
10048|Rachel|Smith|2024-03-18|106
10065|Wendy|Taylor|2024-03-18|110
10196|Quinn|Smith|2024-03-20|105
10100|Isla|Johnson|2024-03-24|120
10106|Rachel|Williams|2024-03-24|106
10146|Rachel|Brown|2024-03-25|120
10198|Uma|Jackson|2024-03-25|102
10140|David|Thomas|2024-03-26|109
10089|Jack|Young|2024-03-27|102
10162|Tom|Robinson|2024-03-27|101
10044|Sarah|Taylor|2024-03-28|117
10197|Zack|Johnson|2024-03-30|120
10132|Yvonne|Jackson|2024-03-31|120
10113|Carol|Anderson|2024-04-03|111
10130|Frank|Martinez|2024-04-04|107
10163|Paul|Harris|2024-04-04|105
10134|Carol|Smith|2024-04-06|102
10062|Sarah|Jackson|2024-04-08|112
10128|Bob|Johnson|2024-04-11|104
10031|Grace|Rodriguez|2024-04-14|109
10070|Karen|Thompson|2024-04-14|113
10154|Frank|Smith|2024-04-16|107
10135|Quinn|Thompson|2024-04-18|120
10019|Bob|Lewis|2024-04-19|103
10038|Jack|Johnson|2024-04-20|103
10049|Rachel|Thomas|2024-04-30|107
10155|David|Harris|2024-05-01|120
10157|Grace|King|2024-05-02|119
10054|Victor|Thompson|2024-05-05|120
10084|Tom|King|2024-05-05|108
